<?xml version="1.0" encoding="UTF-8"?>
<!--Pin of arduino 0,1,2,3,4,5,6,7,8,9,10,11,12,13,A0,A1,A2,A3,A4,A5-->
<pinMap>
	<Device name="Keypad4x4">
		<pin name="R1" value="2,3,4,5,6,7,8,9,10,11,12,13,1,0"/>
		<pin name="R2" value="2,3,4,5,6,7,8,9,10,11,12,13,1,0"/>
		<pin name="R3" value="2,3,4,5,6,7,8,9,10,11,12,13,1,0"/>
		<pin name="R4" value="2,3,4,5,6,7,8,9,10,11,12,13,1,0"/>
		<pin name="C1" value="2,3,4,5,6,7,8,9,10,11,12,13,1,0"/>
		<pin name="C2" value="2,3,4,5,6,7,8,9,10,11,12,13,1,0"/>
		<pin name="C3" value="2,3,4,5,6,7,8,9,10,11,12,13,1,0"/>
		<pin name="C4" value="2,3,4,5,6,7,8,9,10,11,12,13,1,0"/>
	</Device>
	<Device name="Button">
		<pin name="1" value="2,3,4,5,6,7,8,9,10,11,12,13,1,0"/>
	</Device>
	<Device name="LED">
		<pin name="1" value="2,3,4,5,6,7,8,9,10,11,12,13,1,0"/>
	</Device>
	<Device name="Buzzer">
		<pin name="1" value="2,3,4,5,6,7,8,9,10,11,12,13,1,0"/>
	</Device>
	<Device name="I2CLCD2004">
		<pin name="SDA" value="A4"/>
		<pin name="SCL" value="A5"/>
	</Device>
	<Device name="WifiESP8266">
		<pin name="TX" value="0,2,3,4,5,6,7,8,9,10,11,12,13"/>
		<pin name="RX" value="1,2,3,4,5,6,7,8,9,10,11,12,13"/>
	</Device>
		<Device name="BluetoothHC06">
		<pin name="TXD" value="2,3,4,5,6,7,8,9,10,11,12,13,0"/>
		<pin name="RXD" value="2,3,4,5,6,7,8,9,10,11,12,13,1"/>
	</Device>
</pinMap>